,,,,http://pic.netbian.com//uploads/allimg/180128/112234-1517109754fad1.jpg
,,,,http://pic.netbian.com//uploads/allimg/190808/224411-15652754519901.jpg
,,,,http://pic.netbian.com//uploads/allimg/190823/134520-1566539120b422.jpg
,,,,http://pic.netbian.com//uploads/allimg/190607/214213-1559914933950f.jpg
,,,,http://pic.netbian.com//uploads/allimg/190504/225548-1556981748e705.jpg
,,,,http://pic.netbian.com//uploads/allimg/190529/182504-1559125504def9.jpg
,,,,http://pic.netbian.com//uploads/allimg/190416/230136-1555426896b86d.jpg
,,,,http://pic.netbian.com//uploads/allimg/190422/193209-155593272930a8.jpg
,,,,http://pic.netbian.com//uploads/allimg/190416/231144-15554275042488.jpg
,,,,http://pic.netbian.com//uploads/allimg/190410/211853-1554902333b215.jpg
,,,,http://pic.netbian.com//uploads/allimg/190319/223053-1553005853ab3d.jpg
,,,,http://pic.netbian.com//uploads/allimg/190328/230918-15537857584ba3.jpg
,,,,http://pic.netbian.com//uploads/allimg/190319/195228-1552996348ad65.jpg
,,,,http://pic.netbian.com//uploads/allimg/190312/222850-15524009306ba5.jpg
,,,,http://pic.netbian.com//uploads/allimg/190224/204823-1551012503b68e.jpg
,,,,http://pic.netbian.com//uploads/allimg/181125/230650-1543158410207e.jpg
,,,,http://pic.netbian.com//uploads/allimg/181104/202300-1541334180d877.jpg
,,,,http://pic.netbian.com//uploads/allimg/181115/192747-15422812676f4f.jpg
,,,,http://pic.netbian.com//uploads/allimg/181111/230015-154194841570c9.jpg
,,,,http://pic.netbian.com//uploads/allimg/181111/215808-1541944688a666.jpg
,,,,http://pic.netbian.com//uploads/allimg/181111/214841-1541944121d757.jpg
,,,,http://pic.netbian.com//uploads/allimg/180311/170759-1520759279b84f.jpg
,,,,http://pic.netbian.com//uploads/allimg/180223/213442-15193928827856.jpg
,,,,http://pic.netbian.com//uploads/allimg/180307/174705-15204160257a4a.jpg
,,,,http://pic.netbian.com//uploads/allimg/180228/155103-1519804263d456.jpg
,,,,http://pic.netbian.com//uploads/allimg/180306/225633-15203481930753.jpg
,,,,http://pic.netbian.com//uploads/allimg/180304/193529-15201633297c71.jpg
,,,,http://pic.netbian.com//uploads/allimg/180227/120531-151970433141a2.jpg
,,,,http://pic.netbian.com//uploads/allimg/180223/220243-1519394563dd9f.jpg
,,,,http://pic.netbian.com//uploads/allimg/180312/200804-15208564842fa4.jpg
,,,,http://pic.netbian.com//uploads/allimg/180221/153723-15191986431793.jpg
,,,,http://pic.netbian.com//uploads/allimg/180211/203643-15183526039dff.jpg
,,,,http://pic.netbian.com//uploads/allimg/180210/102939-1518229779741c.jpg
,,,,http://pic.netbian.com//uploads/allimg/180204/222520-15177543208ffc.jpg
,,,,http://pic.netbian.com//uploads/allimg/180206/163255-1517905975b742.jpg
,,,,http://pic.netbian.com//uploads/allimg/180109/212003-1515504003ece4.jpg
,,,,http://pic.netbian.com//uploads/allimg/171218/195139-1513597899378f.jpg
,,,,http://pic.netbian.com//uploads/allimg/171228/185924-151445876404ac.jpg
,,,,http://pic.netbian.com//uploads/allimg/171111/211155-1510405915e378.jpg
,,,,http://pic.netbian.com//uploads/allimg/170723/164020-1500799220de5b.jpg
,,,,http://pic.netbian.com//uploads/allimg/170706/234930-1499356170f3bf.jpg
,,,,http://pic.netbian.com//uploads/allimg/180204/222118-151775407880be.jpg
,,,,http://pic.netbian.com//uploads/allimg/171220/165914-1513760354cec5.jpg
,,,,http://pic.netbian.com//uploads/allimg/171103/205806-150971388686ad.jpg
,,,,http://pic.netbian.com//uploads/allimg/181107/174641-154158400158c0.jpg
,,,,http://pic.netbian.com//uploads/allimg/180203/124042-151763284252e7.jpg
,,,,http://pic.netbian.com//uploads/allimg/180503/225034-1525359034c9d8.jpg
,,,,http://pic.netbian.com//uploads/allimg/170826/100206-1503712926a321.jpg
,,,,http://pic.netbian.com//uploads/allimg/171215/175908-1513331948e565.jpg
,,,,http://pic.netbian.com//uploads/allimg/180503/222618-15253575783c0a.jpg
,,,,http://pic.netbian.com//uploads/allimg/171109/205435-151023207551cc.jpg
,,,,http://pic.netbian.com//uploads/allimg/181028/210641-1540732001a633.jpg
,,,,http://pic.netbian.com//uploads/allimg/181020/212117-15400416778fe5.jpg
,,,,http://pic.netbian.com//uploads/allimg/180609/230856-15285569369aac.jpg
,,,,http://pic.netbian.com//uploads/allimg/170825/230752-150367367242f2.jpg
,,,,http://pic.netbian.com//uploads/allimg/170825/225720-15036730400383.jpg
,,,,http://pic.netbian.com//uploads/allimg/180131/203828-1517402308d2d1.jpg
,,,,http://pic.netbian.com//uploads/allimg/180609/231427-1528557267ff38.jpg
,,,,http://pic.netbian.com//uploads/allimg/170826/103351-1503714831e122.jpg
,,,,http://pic.netbian.com//uploads/allimg/180531/130330-1527743010eead.jpg
,,,,http://pic.netbian.com//uploads/allimg/161104/165242-1478249562e761.jpg
,,,,http://pic.netbian.com//uploads/allimg/171212/204330-15130826104250.jpg
,,,,http://pic.netbian.com//uploads/allimg/180926/092259-1537924979a644.jpg
,,,,http://pic.netbian.com//uploads/allimg/171005/085714-1507165034db22.jpg
,,,,http://pic.netbian.com//uploads/allimg/180425/232951-15246701918a97.jpg
,,,,http://pic.netbian.com//uploads/allimg/180609/224748-152855566831d8.jpg
,,,,http://pic.netbian.com//uploads/allimg/170722/171508-15007149085ea0.jpg
,,,,http://pic.netbian.com//uploads/allimg/180112/224449-15157682893210.jpg
,,,,http://pic.netbian.com//uploads/allimg/170807/175050-15020994503cf5.jpg
,,,,http://pic.netbian.com//uploads/allimg/171211/210332-1512997412337d.jpg
,,,,http://pic.netbian.com//uploads/allimg/180426/201339-1524744819973a.jpg
,,,,http://pic.netbian.com//uploads/allimg/170826/103635-15037149956c13.jpg
,,,,http://pic.netbian.com//uploads/allimg/161104/165059-14782494592d63.jpg
,,,,http://pic.netbian.com//uploads/allimg/171026/220339-1509026619e98e.jpg
,,,,http://pic.netbian.com//uploads/allimg/161104/163850-1478248730f431.jpg
,,,,http://pic.netbian.com//uploads/allimg/161104/163333-1478248413ad8a.jpg
,,,,http://pic.netbian.com//uploads/allimg/180417/165706-15239554264f72.jpg
,,,,http://pic.netbian.com//uploads/allimg/161104/163606-14782485669406.jpg
,,,,http://pic.netbian.com//uploads/allimg/171105/184543-15098787432e09.jpg
,,,,http://pic.netbian.com//uploads/allimg/171103/195942-15097103824904.jpg
,,,,http://pic.netbian.com//uploads/allimg/180913/095657-1536803817cef2.jpg
,,,,http://pic.netbian.com//uploads/allimg/180913/095303-15368035831fa8.jpg
,,,,http://pic.netbian.com//uploads/allimg/171005/083834-1507163914fb24.jpg
,,,,http://pic.netbian.com//uploads/allimg/180609/223055-15285546557141.jpg
,,,,http://pic.netbian.com//uploads/allimg/180609/222854-152855453410c0.jpg
,,,,http://pic.netbian.com//uploads/allimg/161005/112908-14756381486f79.jpg
,,,,http://pic.netbian.com//uploads/allimg/171201/221203-1512137523bac7.jpg
,,,,http://pic.netbian.com//uploads/allimg/180426/202507-1524745507fab0.jpg
,,,,http://pic.netbian.com//uploads/allimg/160711/163422-14682260628635.jpg
,,,,http://pic.netbian.com//uploads/allimg/180913/092554-1536801954776a.jpg
,,,,http://pic.netbian.com//uploads/allimg/171031/173159-1509442319b4fa.jpg
,,,,http://pic.netbian.com//uploads/allimg/160823/100304-147191778416c9.jpg
,,,,http://pic.netbian.com//uploads/allimg/170707/224837-149943891760b6.jpg
,,,,http://pic.netbian.com//uploads/allimg/180422/201418-15243992588593.jpg
,,,,http://pic.netbian.com//uploads/allimg/160706/155803-1467791883aa6d.jpg
,,,,http://pic.netbian.com//uploads/allimg/171004/213815-15071242959eed.jpg
,,,,http://pic.netbian.com//uploads/allimg/171101/231133-150954909350c8.jpg
,,,,http://pic.netbian.com//uploads/allimg/180817/162215-15344941354fa3.jpg
,,,,http://pic.netbian.com//uploads/allimg/180528/220113-1527516073ccf4.jpg
,,,,http://pic.netbian.com//uploads/allimg/180511/190617-15260367773853.jpg
,,,,http://pic.netbian.com//uploads/allimg/180609/222710-1528554430a75f.jpg
,,,,http://pic.netbian.com//uploads/allimg/180418/191419-1524050059a486.jpg
,,,,http://pic.netbian.com//uploads/allimg/171031/174049-150944284933d9.jpg
,,,,http://pic.netbian.com//uploads/allimg/171004/113546-15070881463fed.jpg
,,,,http://pic.netbian.com//uploads/allimg/180815/112821-1534303701cc5c.jpg
,,,,http://pic.netbian.com//uploads/allimg/180519/200521-152673152192d6.jpg
,,,,http://pic.netbian.com//uploads/allimg/180815/112635-15343035956083.jpg
,,,,http://pic.netbian.com//uploads/allimg/171204/172121-15123792819318.jpg
,,,,http://pic.netbian.com//uploads/allimg/170925/161345-1506327225d712.jpg
,,,,http://pic.netbian.com//uploads/allimg/180518/172722-15266356425243.jpg
,,,,http://pic.netbian.com//uploads/allimg/171204/153225-1512372745596b.jpg
,,,,http://pic.netbian.com//uploads/allimg/180417/171645-1523956605dbe6.jpg
,,,,http://pic.netbian.com//uploads/allimg/180402/202153-15226717131013.jpg
,,,,http://pic.netbian.com//uploads/allimg/171029/230105-1509289265cca7.jpg
,,,,http://pic.netbian.com//uploads/allimg/180812/153614-1534059374afee.jpg
,,,,http://pic.netbian.com//uploads/allimg/180314/232104-1521040864cbd2.jpg
,,,,http://pic.netbian.com//uploads/allimg/180509/164839-152585571987e0.jpg
,,,,http://pic.netbian.com//uploads/allimg/170824/235355-15035900353f8a.jpg
,,,,http://pic.netbian.com//uploads/allimg/180604/232908-1528126148a1fc.jpg
,,,,http://pic.netbian.com//uploads/allimg/171201/220705-15121372257a12.jpg
,,,,http://pic.netbian.com//uploads/allimg/170828/172829-1503912509c58a.jpg
,,,,http://pic.netbian.com//uploads/allimg/170925/162537-1506327937e7b0.jpg
,,,,http://pic.netbian.com//uploads/allimg/171105/182626-150987758620b7.jpg
,,,,http://pic.netbian.com//uploads/allimg/171204/160443-1512374683d403.jpg
,,,,http://pic.netbian.com//uploads/allimg/180331/211242-1522501962f807.jpg
,,,,http://pic.netbian.com//uploads/allimg/180329/192237-1522322557dfdc.jpg
,,,,http://pic.netbian.com//uploads/allimg/171025/201808-1508933888c0a5.jpg
,,,,http://pic.netbian.com//uploads/allimg/171018/173151-15083191110680.jpg
,,,,http://pic.netbian.com//uploads/allimg/171013/224149-15079057095eb4.jpg
,,,,http://pic.netbian.com//uploads/allimg/180712/081852-153135473243c5.jpg
,,,,http://pic.netbian.com//uploads/allimg/180727/171552-15326829528795.jpg
,,,,http://pic.netbian.com//uploads/allimg/170925/162021-15063276214fe7.jpg
,,,,http://pic.netbian.com//uploads/allimg/170831/235216-1504194736bc04.jpg
,,,,http://pic.netbian.com//uploads/allimg/180507/221757-1525702677288e.jpg
,,,,http://pic.netbian.com//uploads/allimg/170719/130501-1500440701a5bb.jpg
,,,,http://pic.netbian.com//uploads/allimg/180519/200645-1526731605997f.jpg
,,,,http://pic.netbian.com//uploads/allimg/170926/173448-15064184885c2d.jpg
,,,,http://pic.netbian.com//uploads/allimg/180329/213825-1522330705623f.jpg
,,,,http://pic.netbian.com//uploads/allimg/171120/172440-15111698807b17.jpg
,,,,http://pic.netbian.com//uploads/allimg/171126/225756-15117082769d3b.jpg
,,,,http://pic.netbian.com//uploads/allimg/171124/211241-1511529161276f.jpg
,,,,http://pic.netbian.com//uploads/allimg/180325/150901-15219617415ca8.jpg
,,,,http://pic.netbian.com//uploads/allimg/180312/190904-15208529440877.jpg
,,,,http://pic.netbian.com//uploads/allimg/171011/160848-15077093282d56.jpg
,,,,http://pic.netbian.com//uploads/allimg/171007/111433-15073460737e9e.jpg
,,,,http://pic.netbian.com//uploads/allimg/171011/185337-150771921748fc.jpg
,,,,http://pic.netbian.com//uploads/allimg/180519/195354-1526730834a3fe.jpg
,,,,http://pic.netbian.com//uploads/allimg/180320/192715-152154523518fb.jpg
,,,,http://pic.netbian.com//uploads/allimg/180712/081705-1531354625db76.jpg
,,,,http://pic.netbian.com//uploads/allimg/170705/232347-1499268227937c.jpg
,,,,http://pic.netbian.com//uploads/allimg/171120/172004-15111696041d45.jpg
,,,,http://pic.netbian.com//uploads/allimg/170901/235546-15042813462c48.jpg
,,,,http://pic.netbian.com//uploads/allimg/180514/154504-15262839045de9.jpg
,,,,http://pic.netbian.com//uploads/allimg/171007/112034-15073464346c0e.jpg
,,,,http://pic.netbian.com//uploads/allimg/180712/083029-153135542934e7.jpg
,,,,http://pic.netbian.com//uploads/allimg/180511/181113-1526033473761c.jpg
,,,,http://pic.netbian.com//uploads/allimg/171007/104036-1507344036c21e.jpg
,,,,http://pic.netbian.com//uploads/allimg/171116/163107-1510821067987f.jpg
,,,,http://pic.netbian.com//uploads/allimg/180315/133814-15210922947003.jpg
,,,,http://pic.netbian.com//uploads/allimg/180320/192324-1521545004c645.jpg
,,,,http://pic.netbian.com//uploads/allimg/180623/171358-15297452384e1f.jpg
,,,,http://pic.netbian.com//uploads/allimg/171116/205806-15108370860e69.jpg
,,,,http://pic.netbian.com//uploads/allimg/180622/194413-1529667853c311.jpg
,,,,http://pic.netbian.com//uploads/allimg/170830/231805-1504106285a03a.jpg
,,,,http://pic.netbian.com//uploads/allimg/170925/160924-1506326964d2e2.jpg
,,,,http://pic.netbian.com//uploads/allimg/180509/165057-15258558575318.jpg
,,,,http://pic.netbian.com//uploads/allimg/180511/174900-1526032140500f.jpg
,,,,http://pic.netbian.com//uploads/allimg/180618/224857-1529333337c335.jpg
,,,,http://pic.netbian.com//uploads/allimg/170924/224455-1506264295881d.jpg
,,,,http://pic.netbian.com//uploads/allimg/180314/230237-1521039757d09c.jpg
,,,,http://pic.netbian.com//uploads/allimg/180616/214430-1529156670e30c.jpg
,,,,http://pic.netbian.com//uploads/allimg/180314/223808-1521038288c2f7.jpg
,,,,http://pic.netbian.com//uploads/allimg/180315/135807-15210934870a21.jpg
,,,,http://pic.netbian.com//uploads/allimg/170905/001945-15045419856195.jpg
,,,,http://pic.netbian.com//uploads/allimg/170828/173335-15039128150ebb.jpg
,,,,http://pic.netbian.com//uploads/allimg/170921/165816-15059842969b92.jpg
,,,,http://pic.netbian.com//uploads/allimg/170924/223818-1506263898867e.jpg
,,,,http://pic.netbian.com//uploads/allimg/170522/221357-1495462437e604.jpg
,,,,http://pic.netbian.com//uploads/allimg/170519/231915-149520715562f6.jpg
,,,,http://pic.netbian.com//uploads/allimg/170522/183946-14954495864cb1.jpg
,,,,http://pic.netbian.com//uploads/allimg/170522/181224-1495447944a7a0.jpg
,,,,http://pic.netbian.com//uploads/allimg/170513/224714-1494686834bed5.jpg
,,,,http://pic.netbian.com//uploads/allimg/180128/112234-1517109754fad1.jpg
,,,,http://pic.netbian.com//uploads/allimg/190823/134520-1566539120b422.jpg
,,,,http://pic.netbian.com//uploads/allimg/190808/224411-15652754519901.jpg
,,,,http://pic.netbian.com//uploads/allimg/170513/224331-1494686611dbe0.jpg
,,,,http://pic.netbian.com//uploads/allimg/190607/214213-1559914933950f.jpg
,,,,http://pic.netbian.com//uploads/allimg/190529/182504-1559125504def9.jpg
,,,,http://pic.netbian.com//uploads/allimg/190504/225548-1556981748e705.jpg
,,,,http://pic.netbian.com//uploads/allimg/170513/224610-1494686770123a.jpg
,,,,http://pic.netbian.com//uploads/allimg/170515/152507-14948331076d3a.jpg
,,,,http://pic.netbian.com//uploads/allimg/170513/225747-1494687467b225.jpg
,,,,http://pic.netbian.com//uploads/allimg/170515/180449-149484268963dd.jpg
,,,,http://pic.netbian.com//uploads/allimg/190422/193209-155593272930a8.jpg
,,,,http://pic.netbian.com//uploads/allimg/170515/152408-1494833048bcb4.jpg
,,,,http://pic.netbian.com//uploads/allimg/190416/231144-15554275042488.jpg
,,,,http://pic.netbian.com//uploads/allimg/190416/230136-1555426896b86d.jpg
,,,,http://pic.netbian.com//uploads/allimg/190410/211853-1554902333b215.jpg
,,,,http://pic.netbian.com//uploads/allimg/190328/230918-15537857584ba3.jpg
,,,,http://pic.netbian.com//uploads/allimg/170721/173014-1500629414e6c1.jpg
,,,,http://pic.netbian.com//uploads/allimg/170515/152648-1494833208c9ed.jpg
,,,,http://pic.netbian.com//uploads/allimg/190319/223053-1553005853ab3d.jpg
,,,,http://pic.netbian.com//uploads/allimg/170719/125801-15004402812604.jpg
,,,,http://pic.netbian.com//uploads/allimg/170513/224047-14946864478faf.jpg
,,,,http://pic.netbian.com//uploads/allimg/170513/171034-14946666349361.jpg
,,,,http://pic.netbian.com//uploads/allimg/170513/223659-1494686219c4f9.jpg
,,,,http://pic.netbian.com//uploads/allimg/190319/195228-1552996348ad65.jpg
,,,,http://pic.netbian.com//uploads/allimg/190312/222850-15524009306ba5.jpg
,,,,http://pic.netbian.com//uploads/allimg/170721/165214-15006271346198.jpg
,,,,http://pic.netbian.com//uploads/allimg/170513/223956-1494686396598d.jpg
,,,,http://pic.netbian.com//uploads/allimg/190224/204823-1551012503b68e.jpg
,,,,http://pic.netbian.com//uploads/allimg/170513/154503-1494661503d1a4.jpg
,,,,http://pic.netbian.com//uploads/allimg/170515/152258-14948329788133.jpg
,,,,http://pic.netbian.com//uploads/allimg/170515/151051-149483225105c3.jpg
,,,,http://pic.netbian.com//uploads/allimg/181125/230650-1543158410207e.jpg
,,,,http://pic.netbian.com//uploads/allimg/170515/151455-149483249594e3.jpg
,,,,http://pic.netbian.com//uploads/allimg/170729/110330-150129741078c8.jpg
,,,,http://pic.netbian.com//uploads/allimg/181104/202300-1541334180d877.jpg
,,,,http://pic.netbian.com//uploads/allimg/181115/192747-15422812676f4f.jpg
,,,,http://pic.netbian.com//uploads/allimg/181111/230015-154194841570c9.jpg
,,,,http://pic.netbian.com//uploads/allimg/170721/122808-15006112884873.jpg
,,,,http://pic.netbian.com//uploads/allimg/170513/153303-14946607837adc.jpg
,,,,http://pic.netbian.com//uploads/allimg/170719/115433-1500436473e5e6.jpg
,,,,http://pic.netbian.com//uploads/allimg/181111/215808-1541944688a666.jpg
,,,,http://pic.netbian.com//uploads/allimg/181111/214841-1541944121d757.jpg
,,,,http://pic.netbian.com//uploads/allimg/170719/115140-1500436300721b.jpg
,,,,http://pic.netbian.com//uploads/allimg/170729/100950-150129419089bd.jpg
,,,,http://pic.netbian.com//uploads/allimg/170723/170009-15008004092766.jpg
,,,,http://pic.netbian.com//uploads/allimg/170507/234037-1494171637467a.jpg
,,,,http://pic.netbian.com//uploads/allimg/170514/160911-14947493514b24.jpg
,,,,http://pic.netbian.com//uploads/allimg/170513/230011-14946876116be2.jpg
,,,,http://pic.netbian.com//uploads/allimg/170823/230514-1503500714c158.jpg
,,,,http://pic.netbian.com//uploads/allimg/170707/224529-149943872986dc.jpg
,,,,http://pic.netbian.com//uploads/allimg/170720/122258-1500524578a3c5.jpg
,,,,http://pic.netbian.com//uploads/allimg/170507/233757-14941714777f47.jpg
,,,,http://pic.netbian.com//uploads/allimg/170918/234039-15057492390199.jpg
,,,,http://pic.netbian.com//uploads/allimg/170729/111758-15012982787c5b.jpg
,,,,http://pic.netbian.com//uploads/allimg/161204/201853-14808539334bba.jpg
,,,,http://pic.netbian.com//uploads/allimg/170729/112226-150129854632db.jpg
,,,,http://pic.netbian.com//uploads/allimg/170513/225641-1494687401071c.jpg
,,,,http://pic.netbian.com//uploads/allimg/170312/000221-1489248141a158.jpg
,,,,http://pic.netbian.com//uploads/allimg/170228/211359-1488287639ebd8.jpg
,,,,http://pic.netbian.com//uploads/allimg/170513/225420-14946872601cf7.jpg
,,,,http://pic.netbian.com//uploads/allimg/170719/124121-15004392816c58.jpg
,,,,http://pic.netbian.com//uploads/allimg/170228/211457-14882876975d99.jpg
,,,,http://pic.netbian.com//uploads/allimg/170822/084735-15033628559a9b.jpg
,,,,http://pic.netbian.com//uploads/allimg/160701/231740-146738626060bc.jpg
,,,,http://pic.netbian.com//uploads/allimg/170513/225910-149468755020cf.jpg
,,,,http://pic.netbian.com//uploads/allimg/170822/084518-1503362718e5ca.jpg
,,,,http://pic.netbian.com//uploads/allimg/170711/171158-14997643187913.jpg
,,,,http://pic.netbian.com//uploads/allimg/170822/084035-150336243502d4.jpg
,,,,http://pic.netbian.com//uploads/allimg/170807/195828-150210710812a8.jpg
,,,,http://pic.netbian.com//uploads/allimg/170918/233642-15057490025baa.jpg
,,,,http://pic.netbian.com//uploads/allimg/170822/080450-150336029078e2.jpg
,,,,http://pic.netbian.com//uploads/allimg/170729/102944-1501295384ffbb.jpg
,,,,http://pic.netbian.com//uploads/allimg/170807/194520-15021063204690.jpg
,,,,http://pic.netbian.com//uploads/allimg/170719/123912-1500439152b7dc.jpg
,,,,http://pic.netbian.com//uploads/allimg/170603/180715-149648443577dc.jpg
,,,,http://pic.netbian.com//uploads/allimg/170513/224904-14946869443657.jpg
,,,,http://pic.netbian.com//uploads/allimg/170513/225238-14946871589682.jpg
,,,,http://pic.netbian.com//uploads/allimg/170822/082523-15033615232945.jpg
,,,,http://pic.netbian.com//uploads/allimg/170513/225020-1494687020de53.jpg
,,,,http://pic.netbian.com//uploads/allimg/170603/180924-14964845641c92.jpg
,,,,http://pic.netbian.com//uploads/allimg/170228/211143-1488287503ce6e.jpg
,,,,http://pic.netbian.com//uploads/allimg/170822/081759-15033610791be5.jpg
,,,,http://pic.netbian.com//uploads/allimg/170228/211249-14882875698dbd.jpg
,,,,http://pic.netbian.com//uploads/allimg/170807/191609-1502104569355c.jpg
,,,,http://pic.netbian.com//uploads/allimg/170826/093028-150371102844c6.jpg
,,,,http://pic.netbian.com//uploads/allimg/170912/220643-15052252034f62.jpg
,,,,http://pic.netbian.com//uploads/allimg/170830/231325-150410600572a3.jpg
,,,,http://pic.netbian.com//uploads/allimg/170807/192651-1502105211df87.jpg
,,,,http://pic.netbian.com//uploads/allimg/170228/211048-14882874482b05.jpg
,,,,http://pic.netbian.com//uploads/allimg/170729/100347-1501293827ef7c.jpg
,,,,http://pic.netbian.com//uploads/allimg/170719/122758-15004384789395.jpg
,,,,http://pic.netbian.com//uploads/allimg/170719/114019-1500435619a489.jpg
,,,,http://pic.netbian.com//uploads/allimg/170603/180426-14964842668397.jpg
,,,,http://pic.netbian.com//uploads/allimg/170513/224758-14946868789e24.jpg
,,,,http://pic.netbian.com//uploads/allimg/170609/214931-1497016171c67b.jpg
,,,,http://pic.netbian.com//uploads/allimg/170822/081138-1503360698a6e8.jpg
,,,,http://pic.netbian.com//uploads/allimg/170609/220120-149701688021fb.jpg
,,,,http://pic.netbian.com//uploads/allimg/161104/165619-1478249779d932.jpg
,,,,http://pic.netbian.com//uploads/allimg/170719/105844-1500433124039e.jpg
,,,,http://pic.netbian.com//uploads/allimg/170817/234530-15029847305cce.jpg
,,,,http://pic.netbian.com//uploads/allimg/170807/200244-150210736405a6.jpg
,,,,http://pic.netbian.com//uploads/allimg/170807/101931-150207237195f9.jpg
,,,,http://pic.netbian.com//uploads/allimg/170904/235430-15045404701a6d.jpg
,,,,http://pic.netbian.com//uploads/allimg/170727/170433-150114627303aa.jpg
,,,,http://pic.netbian.com//uploads/allimg/170830/001902-1504023542f3d5.jpg
,,,,http://pic.netbian.com//uploads/allimg/170727/165518-1501145718dd9d.jpg
,,,,http://pic.netbian.com//uploads/allimg/170727/165316-1501145596a2ba.jpg
,,,,http://pic.netbian.com//uploads/allimg/170603/180314-1496484194282f.jpg
,,,,http://pic.netbian.com//uploads/allimg/170904/110853-1504494533de59.jpg
,,,,http://pic.netbian.com//uploads/allimg/170609/191057-1497006657f567.jpg
,,,,http://pic.netbian.com//uploads/allimg/170603/180147-1496484107abb5.jpg
,,,,http://pic.netbian.com//uploads/allimg/170603/175530-1496483730aa92.jpg
,,,,http://pic.netbian.com//uploads/allimg/170719/113724-1500435444334d.jpg
,,,,http://pic.netbian.com//uploads/allimg/170717/113022-15002622224226.jpg
,,,,http://pic.netbian.com//uploads/allimg/170815/175450-1502790890a2f1.jpg
,,,,http://pic.netbian.com//uploads/allimg/170727/163145-150114430524ff.jpg
,,,,http://pic.netbian.com//uploads/allimg/161104/165434-14782496740c94.jpg
,,,,http://pic.netbian.com//uploads/allimg/170609/190937-1497006577dbe3.jpg
,,,,http://pic.netbian.com//uploads/allimg/170719/113105-1500435065b8a0.jpg
,,,,http://pic.netbian.com//uploads/allimg/170603/174720-1496483240c56b.jpg
,,,,http://pic.netbian.com//uploads/allimg/170721/185802-150063468290e1.jpg
,,,,http://pic.netbian.com//uploads/allimg/171102/152625-1509607585eaaf.jpg
,,,,http://pic.netbian.com//uploads/allimg/170803/192400-15017594404219.jpg
,,,,http://pic.netbian.com//uploads/allimg/170727/165130-1501145490a0b2.jpg
,,,,http://pic.netbian.com//uploads/allimg/170903/002645-1504369605e9d4.jpg
,,,,http://pic.netbian.com//uploads/allimg/170727/160335-150114261591f5.jpg
,,,,http://pic.netbian.com//uploads/allimg/170724/185647-1500893807e77f.jpg
,,,,http://pic.netbian.com//uploads/allimg/170717/111836-1500261516da2f.jpg
,,,,http://pic.netbian.com//uploads/allimg/170717/111445-15002612853a1b.jpg
,,,,http://pic.netbian.com//uploads/allimg/170602/174013-149639641321f4.jpg
,,,,http://pic.netbian.com//uploads/allimg/170609/190736-1497006456aca0.jpg
,,,,http://pic.netbian.com//uploads/allimg/170717/113146-15002623060948.jpg
,,,,http://pic.netbian.com//uploads/allimg/170724/185342-1500893622d7bf.jpg
,,,,http://pic.netbian.com//uploads/allimg/170717/113352-15002624320ee6.jpg
,,,,http://pic.netbian.com//uploads/allimg/170723/165347-15008000272c99.jpg
,,,,http://pic.netbian.com//uploads/allimg/170724/172804-1500888484b5c6.jpg
,,,,http://pic.netbian.com//uploads/allimg/170602/172050-1496395250f21e.jpg
,,,,http://pic.netbian.com//uploads/allimg/170602/105539-1496372139cf19.jpg
,,,,http://pic.netbian.com//uploads/allimg/170608/153430-14969072705923.jpg
,,,,http://pic.netbian.com//uploads/allimg/170724/164649-1500886009c117.jpg
,,,,http://pic.netbian.com//uploads/allimg/170729/110637-1501297597b786.jpg
,,,,http://pic.netbian.com//uploads/allimg/170709/234135-14996148959c74.jpg
,,,,http://pic.netbian.com//uploads/allimg/170717/110551-150026075123d9.jpg
,,,,http://pic.netbian.com//uploads/allimg/170901/233104-1504279864e025.jpg
,,,,http://pic.netbian.com//uploads/allimg/170814/172159-15027025192af3.jpg
,,,,http://pic.netbian.com//uploads/allimg/170709/233925-1499614765acd9.jpg
,,,,http://pic.netbian.com//uploads/allimg/170602/104349-14963714294399.jpg
,,,,http://pic.netbian.com//uploads/allimg/170608/154835-1496908115ee44.jpg
,,,,http://pic.netbian.com//uploads/allimg/170608/115722-14968942424135.jpg
,,,,http://pic.netbian.com//uploads/allimg/170813/124700-15025996207e90.jpg
,,,,http://pic.netbian.com//uploads/allimg/170724/171934-1500887974e096.jpg
,,,,http://pic.netbian.com//uploads/allimg/170729/111550-15012981504a96.jpg
,,,,http://pic.netbian.com//uploads/allimg/170826/090532-1503709532242e.jpg
,,,,http://pic.netbian.com//uploads/allimg/170608/115107-14968938671eee.jpg
,,,,http://pic.netbian.com//uploads/allimg/170711/171320-1499764400e1d0.jpg
,,,,http://pic.netbian.com//uploads/allimg/170714/200224-15000337443cfb.jpg
,,,,http://pic.netbian.com//uploads/allimg/170722/214914-1500731354828d.jpg
,,,,http://pic.netbian.com//uploads/allimg/170721/171541-1500628541f4e8.jpg
,,,,http://pic.netbian.com//uploads/allimg/170707/215557-14994357579be4.jpg
,,,,http://pic.netbian.com//uploads/allimg/170719/130341-1500440621a7de.jpg
,,,,http://pic.netbian.com//uploads/allimg/170828/173108-15039126684806.jpg
,,,,http://pic.netbian.com//uploads/allimg/170801/113114-1501558274cb9c.jpg
,,,,http://pic.netbian.com//uploads/allimg/170801/112611-1501557971b8d5.jpg
,,,,http://pic.netbian.com//uploads/allimg/170602/103952-14963711927049.jpg
,,,,http://pic.netbian.com//uploads/allimg/170701/220744-1498918064db48.jpg
,,,,http://pic.netbian.com//uploads/allimg/170830/230738-150410565825fd.jpg
,,,,http://pic.netbian.com//uploads/allimg/170826/123504-15037221048f5c.jpg
,,,,http://pic.netbian.com//uploads/allimg/170608/114832-149689371211e9.jpg
,,,,http://pic.netbian.com//uploads/allimg/170722/165458-150071369804f8.jpg
,,,,http://pic.netbian.com//uploads/allimg/170722/165211-15007135316c37.jpg
,,,,http://pic.netbian.com//uploads/allimg/170602/103838-1496371118e63a.jpg
,,,,http://pic.netbian.com//uploads/allimg/170527/224414-14958962546608.jpg
,,,,http://pic.netbian.com//uploads/allimg/170722/170850-150071453085e0.jpg
,,,,http://pic.netbian.com//uploads/allimg/170601/183343-149631322360f0.jpg
,,,,http://pic.netbian.com//uploads/allimg/170608/114710-14968936301c88.jpg
,,,,http://pic.netbian.com//uploads/allimg/170729/110052-1501297252676b.jpg
,,,,http://pic.netbian.com//uploads/allimg/170813/124035-15025992359310.jpg
,,,,http://pic.netbian.com//uploads/allimg/170721/175702-1500631022c891.jpg
,,,,http://pic.netbian.com//uploads/allimg/170606/100243-1496714563825e.jpg
,,,,http://pic.netbian.com//uploads/allimg/170606/173352-149674163276ae.jpg
,,,,http://pic.netbian.com//uploads/allimg/170526/164241-149578816163bf.jpg
,,,,http://pic.netbian.com//uploads/allimg/170814/220225-1502719345ba3e.jpg
,,,,http://pic.netbian.com//uploads/allimg/170826/093300-1503711180e969.jpg
,,,,http://pic.netbian.com//uploads/allimg/170731/001157-15014311178fba.jpg
,,,,http://pic.netbian.com//uploads/allimg/170729/094945-1501292985bf37.jpg
,,,,http://pic.netbian.com//uploads/allimg/170826/110135-15037164952db8.jpg
,,,,http://pic.netbian.com//uploads/allimg/170814/101258-15026767788d58.jpg
,,,,http://pic.netbian.com//uploads/allimg/170526/155850-1495785530bf9f.jpg
,,,,http://pic.netbian.com//uploads/allimg/170526/155606-1495785366724d.jpg
,,,,http://pic.netbian.com//uploads/allimg/170526/155643-149578540324fc.jpg
,,,,http://pic.netbian.com//uploads/allimg/170606/143303-1496730783cdf8.jpg
,,,,http://pic.netbian.com//uploads/allimg/170606/143209-149673072912bd.jpg
,,,,http://pic.netbian.com//uploads/allimg/170604/220407-1496585047f3ad.jpg
,,,,http://pic.netbian.com//uploads/allimg/170709/165103-14995902636a05.jpg
,,,,http://pic.netbian.com//uploads/allimg/170826/091309-1503709989d080.jpg
,,,,http://pic.netbian.com//uploads/allimg/170525/221311-1495721591e083.jpg
,,,,http://pic.netbian.com//uploads/allimg/170826/090729-15037096494784.jpg
,,,,http://pic.netbian.com//uploads/allimg/170604/220545-149658514555ea.jpg
,,,,http://pic.netbian.com//uploads/allimg/170823/225757-15035002771cd4.jpg
,,,,http://pic.netbian.com//uploads/allimg/170524/224659-1495637219c395.jpg
,,,,http://pic.netbian.com//uploads/allimg/170604/215519-149658451983a0.jpg
,,,,http://pic.netbian.com//uploads/allimg/170604/215347-14965844279f05.jpg
,,,,http://pic.netbian.com//uploads/allimg/170603/184628-14964867887493.jpg
,,,,http://pic.netbian.com//uploads/allimg/170603/183315-1496485995dc71.jpg
,,,,http://pic.netbian.com//uploads/allimg/170621/163418-1498034058b70b.jpg
,,,,http://pic.netbian.com//uploads/allimg/170618/000704-14977156243e0c.jpg
,,,,http://pic.netbian.com//uploads/allimg/170621/164629-149803478963eb.jpg
,,,,http://pic.netbian.com//uploads/allimg/170621/170455-149803589546d5.jpg
,,,,http://pic.netbian.com//uploads/allimg/170620/115824-14979311041b4b.jpg
,,,,http://pic.netbian.com//uploads/allimg/170704/224723-149917964359e6.jpg
,,,,http://pic.netbian.com//uploads/allimg/170613/121236-1497327156f54e.jpg
,,,,http://pic.netbian.com//uploads/allimg/170613/122205-1497327725859a.jpg
,,,,http://pic.netbian.com//uploads/allimg/170620/115243-1497930763fbbc.jpg
,,,,http://pic.netbian.com//uploads/allimg/170613/120923-14973269633470.jpg
,,,,http://pic.netbian.com//uploads/allimg/170613/120555-14973267553851.jpg
,,,,http://pic.netbian.com//uploads/allimg/170704/124850-14991437307417.jpg
,,,,http://pic.netbian.com//uploads/allimg/170707/223725-1499438245e70d.jpg
,,,,http://pic.netbian.com//uploads/allimg/170707/213034-14994342346ed7.jpg
,,,,http://pic.netbian.com//uploads/allimg/170620/095809-1497923889b7bd.jpg
,,,,http://pic.netbian.com//uploads/allimg/170620/092643-149792200378c5.jpg
,,,,http://pic.netbian.com//uploads/allimg/170613/114950-1497325790e3ae.jpg
,,,,http://pic.netbian.com//uploads/allimg/170712/172522-1499851522a43e.jpg
,,,,http://pic.netbian.com//uploads/allimg/170630/145303-14988055830011.jpg
,,,,http://pic.netbian.com//uploads/allimg/170619/170824-149786330486c1.jpg
,,,,http://pic.netbian.com//uploads/allimg/170707/213528-1499434528cea5.jpg
,,,,http://pic.netbian.com//uploads/allimg/170613/120433-14973266731e0b.jpg
,,,,http://pic.netbian.com//uploads/allimg/170630/144103-1498804863c7ea.jpg
,,,,http://pic.netbian.com//uploads/allimg/170613/114342-1497325422da7e.jpg
,,,,http://pic.netbian.com//uploads/allimg/170630/145009-14988054092aa1.jpg
,,,,http://pic.netbian.com//uploads/allimg/170613/113703-14973250238d8c.jpg
,,,,http://pic.netbian.com//uploads/allimg/170613/113508-1497324908c204.jpg
,,,,http://pic.netbian.com//uploads/allimg/170630/143058-14988042583fee.jpg
,,,,http://pic.netbian.com//uploads/allimg/170707/221925-1499437165b8e3.jpg
,,,,http://pic.netbian.com//uploads/allimg/170707/221223-14994367432f64.jpg
,,,,http://pic.netbian.com//uploads/allimg/170630/142809-1498804089a70c.jpg
,,,,http://pic.netbian.com//uploads/allimg/170707/222702-149943762267af.jpg
,,,,http://pic.netbian.com//uploads/allimg/170706/232408-1499354648a072.jpg
,,,,http://pic.netbian.com//uploads/allimg/170711/172019-149976481986c3.jpg
,,,,http://pic.netbian.com//uploads/allimg/170619/164300-1497861780bdf9.jpg
,,,,http://pic.netbian.com//uploads/allimg/170709/234612-1499615172fbef.jpg
,,,,http://pic.netbian.com//uploads/allimg/170619/155505-14978589054c6e.jpg
,,,,http://pic.netbian.com//uploads/allimg/170619/155554-14978589540f56.jpg
,,,,http://pic.netbian.com//uploads/allimg/170707/221059-1499436659f99b.jpg
,,,,http://pic.netbian.com//uploads/allimg/170613/112724-1497324444e32a.jpg
,,,,http://pic.netbian.com//uploads/allimg/170611/231924-1497194364b23c.jpg
,,,,http://pic.netbian.com//uploads/allimg/170630/142001-1498803601c582.jpg
,,,,http://pic.netbian.com//uploads/allimg/170630/143642-1498804602aa37.jpg
,,,,http://pic.netbian.com//uploads/allimg/170707/213907-1499434747d024.jpg
,,,,http://pic.netbian.com//uploads/allimg/170710/110105-149965566512d3.jpg
,,,,http://pic.netbian.com//uploads/allimg/170713/224635-149995719523a5.jpg
,,,,http://pic.netbian.com//uploads/allimg/170616/111048-1497582648ac56.jpg
,,,,http://pic.netbian.com//uploads/allimg/170630/141632-1498803392a56f.jpg
,,,,http://pic.netbian.com//uploads/allimg/170613/112220-1497324140e757.jpg
,,,,http://pic.netbian.com//uploads/allimg/170707/212944-149943418493d3.jpg
,,,,http://pic.netbian.com//uploads/allimg/170710/110718-14996560386acf.jpg
,,,,http://pic.netbian.com//uploads/allimg/170615/202926-1497529766cdf1.jpg
,,,,http://pic.netbian.com//uploads/allimg/170615/203457-1497530097fe9c.jpg
,,,,http://pic.netbian.com//uploads/allimg/170602/103537-1496370937b534.jpg
,,,,http://pic.netbian.com//uploads/allimg/170513/230153-14946877133e7a.jpg
,,,,http://pic.netbian.com//uploads/allimg/170628/110218-14986189380779.jpg
,,,,http://pic.netbian.com//uploads/allimg/170626/224103-1498488063e7d5.jpg
,,,,http://pic.netbian.com//uploads/allimg/170706/232217-1499354537c915.jpg
,,,,http://pic.netbian.com//uploads/allimg/170612/183529-14972637294d8e.jpg
,,,,http://pic.netbian.com//uploads/allimg/170706/233131-1499355091e321.jpg
,,,,http://pic.netbian.com//uploads/allimg/170710/101909-1499653149e157.jpg
,,,,http://pic.netbian.com//uploads/allimg/170611/234504-14971959048841.jpg
,,,,http://pic.netbian.com//uploads/allimg/170710/093254-14996503749894.jpg
,,,,http://pic.netbian.com//uploads/allimg/170624/160519-14982915195f98.jpg
,,,,http://pic.netbian.com//uploads/allimg/170607/235248-14968507681106.jpg
,,,,http://pic.netbian.com//uploads/allimg/170611/230934-1497193774dbf1.jpg
,,,,http://pic.netbian.com//uploads/allimg/170709/233805-14996146852593.jpg
,,,,http://pic.netbian.com//uploads/allimg/170706/233844-1499355524b224.jpg
,,,,http://pic.netbian.com//uploads/allimg/170624/151938-14982887788045.jpg
,,,,http://pic.netbian.com//uploads/allimg/170705/233717-14992690370662.jpg
,,,,http://pic.netbian.com//uploads/allimg/170710/091209-1499649129a796.jpg
,,,,http://pic.netbian.com//uploads/allimg/170611/215941-149718958161ae.jpg
,,,,http://pic.netbian.com//uploads/allimg/170610/160214-14970817346716.jpg
,,,,http://pic.netbian.com//uploads/allimg/170706/233640-1499355400b66c.jpg
,,,,http://pic.netbian.com//uploads/allimg/170624/124831-14982797116e73.jpg
,,,,http://pic.netbian.com//uploads/allimg/170710/111222-14996563426f27.jpg
,,,,http://pic.netbian.com//uploads/allimg/170620/115505-14979309057f74.jpg
,,,,http://pic.netbian.com//uploads/allimg/170613/161958-149734199865f7.jpg
,,,,http://pic.netbian.com//uploads/allimg/170613/174016-1497346816ac48.jpg
,,,,http://pic.netbian.com//uploads/allimg/170610/154438-149708067803a2.jpg
,,,,http://pic.netbian.com//uploads/allimg/170613/174002-14973468022162.jpg
,,,,http://pic.netbian.com//uploads/allimg/170622/160654-1498118814c99c.jpg
,,,,http://pic.netbian.com//uploads/allimg/170610/153555-1497080155b4d5.jpg
,,,,http://pic.netbian.com//uploads/allimg/170706/233509-14993553094451.jpg
,,,,http://pic.netbian.com//uploads/allimg/170710/110524-1499655924309c.jpg
,,,,http://pic.netbian.com//uploads/allimg/170706/233317-14993551976de8.jpg
,,,,http://pic.netbian.com//uploads/allimg/170613/161703-14973418234043.jpg
,,,,http://pic.netbian.com//uploads/allimg/170622/155557-14981181571288.jpg
,,,,http://pic.netbian.com//uploads/allimg/170613/125426-1497329666ea39.jpg
,,,,http://pic.netbian.com//uploads/allimg/170706/232535-1499354735e20c.jpg
,,,,http://pic.netbian.com//uploads/allimg/170622/154906-14981177469e7f.jpg
,,,,http://pic.netbian.com//uploads/allimg/170622/145747-1498114667902f.jpg
,,,,http://pic.netbian.com//uploads/allimg/170710/100229-1499652149712e.jpg
,,,,http://pic.netbian.com//uploads/allimg/170706/232025-149935442528c3.jpg
,,,,http://pic.netbian.com//uploads/allimg/170705/233250-1499268770a921.jpg
,,,,http://pic.netbian.com//uploads/allimg/170704/231420-14991812601ffd.jpg
,,,,http://pic.netbian.com//uploads/allimg/170621/183158-14980411181578.jpg
,,,,http://pic.netbian.com//uploads/allimg/170709/235854-14996159349c8b.jpg
,,,,http://pic.netbian.com//uploads/allimg/170709/235754-1499615874f06e.jpg
,,,,http://pic.netbian.com//uploads/allimg/170709/235204-149961552405f7.jpg
,,,,http://pic.netbian.com//uploads/allimg/170709/164952-14995901927fb9.jpg
,,,,http://pic.netbian.com//uploads/allimg/170709/234352-1499615032b018.jpg
,,,,http://pic.netbian.com//uploads/allimg/170710/090855-14996489355748.jpg
,,,,http://pic.netbian.com//uploads/allimg/170710/091018-149964901831dd.jpg
,,,,http://pic.netbian.com//uploads/allimg/170709/162737-1499588857fdd2.jpg
