desc,image_url,name,url
,"http://img1.imgtn.bdimg.com/it/u=3345932343,2046392438&fm=26&gp=0.jpg",,
,"http://img3.imgtn.bdimg.com/it/u=3540488900,878336027&fm=26&gp=0.jpg",,
,"http://img5.imgtn.bdimg.com/it/u=1090035993,2964936980&fm=26&gp=0.jpg",,
,"http://img1.imgtn.bdimg.com/it/u=1922920724,779559953&fm=26&gp=0.jpg",,
,"http://img0.imgtn.bdimg.com/it/u=1211673500,2667328864&fm=26&gp=0.jpg",,
,"http://img3.imgtn.bdimg.com/it/u=710754496,1030146905&fm=26&gp=0.jpg",,
,"http://img4.imgtn.bdimg.com/it/u=3995375175,1584255689&fm=26&gp=0.jpg",,
,"http://img3.imgtn.bdimg.com/it/u=3142718836,1508169585&fm=26&gp=0.jpg",,
,"http://img2.imgtn.bdimg.com/it/u=2703666299,1592846101&fm=26&gp=0.jpg",,
,"http://img0.imgtn.bdimg.com/it/u=3968741446,1199448708&fm=26&gp=0.jpg",,
,"http://img4.imgtn.bdimg.com/it/u=2492912341,3188139829&fm=26&gp=0.jpg",,
,"http://img1.imgtn.bdimg.com/it/u=1218604740,977300719&fm=26&gp=0.jpg",,
,"http://img2.imgtn.bdimg.com/it/u=1062753841,590592367&fm=26&gp=0.jpg",,
,"http://img2.imgtn.bdimg.com/it/u=2437970617,3375948623&fm=26&gp=0.jpg",,
,"http://img5.imgtn.bdimg.com/it/u=2921128965,1733711598&fm=26&gp=0.jpg",,
,"http://img5.imgtn.bdimg.com/it/u=1558812155,1751507166&fm=26&gp=0.jpg",,
,"http://img1.imgtn.bdimg.com/it/u=651641014,4035987967&fm=26&gp=0.jpg",,
,"http://img5.imgtn.bdimg.com/it/u=4062403526,1369917439&fm=26&gp=0.jpg",,
,"http://img4.imgtn.bdimg.com/it/u=3924062796,3943720694&fm=26&gp=0.jpg",,
,"http://img3.imgtn.bdimg.com/it/u=3485018351,1750267976&fm=26&gp=0.jpg",,
,"http://img1.imgtn.bdimg.com/it/u=1019324469,35098444&fm=26&gp=0.jpg",,
,"http://img1.imgtn.bdimg.com/it/u=633952575,874510774&fm=26&gp=0.jpg",,
,"http://img0.imgtn.bdimg.com/it/u=2926178827,3875526081&fm=26&gp=0.jpg",,
,"http://img5.imgtn.bdimg.com/it/u=436806877,3936919520&fm=26&gp=0.jpg",,
,"http://img2.imgtn.bdimg.com/it/u=1894347157,2644572893&fm=26&gp=0.jpg",,
,"http://img2.imgtn.bdimg.com/it/u=926167196,613508496&fm=26&gp=0.jpg",,
,"http://img2.imgtn.bdimg.com/it/u=1847213217,85305761&fm=26&gp=0.jpg",,
,"http://img3.imgtn.bdimg.com/it/u=1828915517,3112085738&fm=26&gp=0.jpg",,
,"http://img1.imgtn.bdimg.com/it/u=1745822560,2109762645&fm=26&gp=0.jpg",,
,"http://img0.imgtn.bdimg.com/it/u=2789569119,3630345391&fm=26&gp=0.jpg",,
,"http://img0.imgtn.bdimg.com/it/u=3268430467,424689773&fm=26&gp=0.jpg",,
,"http://img2.imgtn.bdimg.com/it/u=1517832157,4291525829&fm=26&gp=0.jpg",,
,"http://img0.imgtn.bdimg.com/it/u=1989755904,1607296860&fm=26&gp=0.jpg",,
,"http://img1.imgtn.bdimg.com/it/u=3325691916,3675790283&fm=26&gp=0.jpg",,
,"http://img1.imgtn.bdimg.com/it/u=3626732602,1868204161&fm=26&gp=0.jpg",,
,"http://img0.imgtn.bdimg.com/it/u=3253550217,2572292095&fm=26&gp=0.jpg",,
,"http://img0.imgtn.bdimg.com/it/u=1825895197,1417913873&fm=26&gp=0.jpg",,
,"http://img1.imgtn.bdimg.com/it/u=1447684054,3969341137&fm=26&gp=0.jpg",,
,"http://img5.imgtn.bdimg.com/it/u=2454802364,4188717865&fm=26&gp=0.jpg",,
,"http://img2.imgtn.bdimg.com/it/u=2757693335,2275635535&fm=26&gp=0.jpg",,
,"http://img4.imgtn.bdimg.com/it/u=2181930727,3086568205&fm=26&gp=0.jpg",,
,"http://img4.imgtn.bdimg.com/it/u=1292477937,1258204639&fm=26&gp=0.jpg",,
,"http://img3.imgtn.bdimg.com/it/u=2344357147,2196124062&fm=26&gp=0.jpg",,
,"http://img0.imgtn.bdimg.com/it/u=1337799510,1317363582&fm=26&gp=0.jpg",,
,"http://img3.imgtn.bdimg.com/it/u=733723050,3094122279&fm=26&gp=0.jpg",,
,"http://img4.imgtn.bdimg.com/it/u=1684716822,2506849138&fm=26&gp=0.jpg",,
,"http://img1.imgtn.bdimg.com/it/u=3303508781,1823326344&fm=26&gp=0.jpg",,
,"http://img2.imgtn.bdimg.com/it/u=879297541,1841620687&fm=26&gp=0.jpg",,
,"http://img5.imgtn.bdimg.com/it/u=3383447344,734050765&fm=26&gp=0.jpg",,
,"http://img0.imgtn.bdimg.com/it/u=11960454,643846938&fm=26&gp=0.jpg",,
,"http://img4.imgtn.bdimg.com/it/u=3440799597,1616410079&fm=26&gp=0.jpg",,
,"http://img2.imgtn.bdimg.com/it/u=1530478086,1084504544&fm=26&gp=0.jpg",,
,"http://img5.imgtn.bdimg.com/it/u=1336024411,3586977236&fm=26&gp=0.jpg",,
,"http://img0.imgtn.bdimg.com/it/u=3089513048,4061541380&fm=26&gp=0.jpg",,
,"http://img4.imgtn.bdimg.com/it/u=1295956287,2138177347&fm=26&gp=0.jpg",,
,"http://img0.imgtn.bdimg.com/it/u=2374363757,2489620481&fm=26&gp=0.jpg",,
,"http://img3.imgtn.bdimg.com/it/u=2881045230,4031203249&fm=26&gp=0.jpg",,
,"http://img3.imgtn.bdimg.com/it/u=3681727256,2330292767&fm=26&gp=0.jpg",,
,"http://img3.imgtn.bdimg.com/it/u=2484708646,3852823947&fm=26&gp=0.jpg",,
,"http://img5.imgtn.bdimg.com/it/u=2048966520,230315747&fm=26&gp=0.jpg",,
desc,image_url,name,url
,"http://img1.imgtn.bdimg.com/it/u=3345932343,2046392438&fm=26&gp=0.jpg",,
,"http://img3.imgtn.bdimg.com/it/u=3540488900,878336027&fm=26&gp=0.jpg",,
,"http://img5.imgtn.bdimg.com/it/u=1090035993,2964936980&fm=26&gp=0.jpg",,
,"http://img1.imgtn.bdimg.com/it/u=1922920724,779559953&fm=26&gp=0.jpg",,
,"http://img0.imgtn.bdimg.com/it/u=1211673500,2667328864&fm=26&gp=0.jpg",,
,"http://img3.imgtn.bdimg.com/it/u=710754496,1030146905&fm=26&gp=0.jpg",,
,"http://img4.imgtn.bdimg.com/it/u=3995375175,1584255689&fm=26&gp=0.jpg",,
,"http://img3.imgtn.bdimg.com/it/u=3142718836,1508169585&fm=26&gp=0.jpg",,
,"http://img2.imgtn.bdimg.com/it/u=2703666299,1592846101&fm=26&gp=0.jpg",,
,"http://img0.imgtn.bdimg.com/it/u=3968741446,1199448708&fm=26&gp=0.jpg",,
,"http://img4.imgtn.bdimg.com/it/u=2492912341,3188139829&fm=26&gp=0.jpg",,
,"http://img1.imgtn.bdimg.com/it/u=1218604740,977300719&fm=26&gp=0.jpg",,
,"http://img2.imgtn.bdimg.com/it/u=1062753841,590592367&fm=26&gp=0.jpg",,
,"http://img2.imgtn.bdimg.com/it/u=2437970617,3375948623&fm=26&gp=0.jpg",,
,"http://img5.imgtn.bdimg.com/it/u=2921128965,1733711598&fm=26&gp=0.jpg",,
,"http://img5.imgtn.bdimg.com/it/u=1558812155,1751507166&fm=26&gp=0.jpg",,
,"http://img1.imgtn.bdimg.com/it/u=651641014,4035987967&fm=26&gp=0.jpg",,
,"http://img5.imgtn.bdimg.com/it/u=4062403526,1369917439&fm=26&gp=0.jpg",,
,"http://img4.imgtn.bdimg.com/it/u=3924062796,3943720694&fm=26&gp=0.jpg",,
,"http://img3.imgtn.bdimg.com/it/u=3485018351,1750267976&fm=26&gp=0.jpg",,
,"http://img1.imgtn.bdimg.com/it/u=1019324469,35098444&fm=26&gp=0.jpg",,
,"http://img1.imgtn.bdimg.com/it/u=633952575,874510774&fm=26&gp=0.jpg",,
,"http://img0.imgtn.bdimg.com/it/u=2926178827,3875526081&fm=26&gp=0.jpg",,
,"http://img5.imgtn.bdimg.com/it/u=436806877,3936919520&fm=26&gp=0.jpg",,
,"http://img2.imgtn.bdimg.com/it/u=1894347157,2644572893&fm=26&gp=0.jpg",,
,"http://img2.imgtn.bdimg.com/it/u=926167196,613508496&fm=26&gp=0.jpg",,
,"http://img2.imgtn.bdimg.com/it/u=1847213217,85305761&fm=26&gp=0.jpg",,
,"http://img3.imgtn.bdimg.com/it/u=1828915517,3112085738&fm=26&gp=0.jpg",,
,"http://img1.imgtn.bdimg.com/it/u=1745822560,2109762645&fm=26&gp=0.jpg",,
,"http://img0.imgtn.bdimg.com/it/u=2789569119,3630345391&fm=26&gp=0.jpg",,
,"http://img0.imgtn.bdimg.com/it/u=3268430467,424689773&fm=26&gp=0.jpg",,
,"http://img2.imgtn.bdimg.com/it/u=1517832157,4291525829&fm=26&gp=0.jpg",,
,"http://img0.imgtn.bdimg.com/it/u=1989755904,1607296860&fm=26&gp=0.jpg",,
,"http://img1.imgtn.bdimg.com/it/u=3325691916,3675790283&fm=26&gp=0.jpg",,
,"http://img1.imgtn.bdimg.com/it/u=3626732602,1868204161&fm=26&gp=0.jpg",,
,"http://img0.imgtn.bdimg.com/it/u=3253550217,2572292095&fm=26&gp=0.jpg",,
,"http://img0.imgtn.bdimg.com/it/u=1825895197,1417913873&fm=26&gp=0.jpg",,
,"http://img1.imgtn.bdimg.com/it/u=1447684054,3969341137&fm=26&gp=0.jpg",,
,"http://img5.imgtn.bdimg.com/it/u=2454802364,4188717865&fm=26&gp=0.jpg",,
,"http://img2.imgtn.bdimg.com/it/u=2757693335,2275635535&fm=26&gp=0.jpg",,
,"http://img4.imgtn.bdimg.com/it/u=2181930727,3086568205&fm=26&gp=0.jpg",,
,"http://img4.imgtn.bdimg.com/it/u=1292477937,1258204639&fm=26&gp=0.jpg",,
,"http://img3.imgtn.bdimg.com/it/u=2344357147,2196124062&fm=26&gp=0.jpg",,
,"http://img0.imgtn.bdimg.com/it/u=1337799510,1317363582&fm=26&gp=0.jpg",,
,"http://img3.imgtn.bdimg.com/it/u=733723050,3094122279&fm=26&gp=0.jpg",,
,"http://img4.imgtn.bdimg.com/it/u=1684716822,2506849138&fm=26&gp=0.jpg",,
,"http://img1.imgtn.bdimg.com/it/u=3303508781,1823326344&fm=26&gp=0.jpg",,
,"http://img2.imgtn.bdimg.com/it/u=879297541,1841620687&fm=26&gp=0.jpg",,
,"http://img5.imgtn.bdimg.com/it/u=3383447344,734050765&fm=26&gp=0.jpg",,
,"http://img0.imgtn.bdimg.com/it/u=11960454,643846938&fm=26&gp=0.jpg",,
,"http://img4.imgtn.bdimg.com/it/u=3440799597,1616410079&fm=26&gp=0.jpg",,
,"http://img2.imgtn.bdimg.com/it/u=1530478086,1084504544&fm=26&gp=0.jpg",,
,"http://img5.imgtn.bdimg.com/it/u=1336024411,3586977236&fm=26&gp=0.jpg",,
,"http://img0.imgtn.bdimg.com/it/u=3089513048,4061541380&fm=26&gp=0.jpg",,
,"http://img4.imgtn.bdimg.com/it/u=1295956287,2138177347&fm=26&gp=0.jpg",,
,"http://img0.imgtn.bdimg.com/it/u=2374363757,2489620481&fm=26&gp=0.jpg",,
,"http://img3.imgtn.bdimg.com/it/u=2881045230,4031203249&fm=26&gp=0.jpg",,
,"http://img3.imgtn.bdimg.com/it/u=3681727256,2330292767&fm=26&gp=0.jpg",,
,"http://img3.imgtn.bdimg.com/it/u=2484708646,3852823947&fm=26&gp=0.jpg",,
,"http://img5.imgtn.bdimg.com/it/u=2048966520,230315747&fm=26&gp=0.jpg",,
date,desc,image_url,name,url
2015-04-16 19:21,,"http://img0.imgtn.bdimg.com/it/u=3268430467,424689773&fm=26&gp=0.jpg",金木研 图源微博,
2015-07-15 00:00,,"http://img2.imgtn.bdimg.com/it/u=1517832157,4291525829&fm=26&gp=0.jpg",东京喰种 东京食尸鬼 金木研,
2015-03-06 00:00,,"http://img0.imgtn.bdimg.com/it/u=1989755904,1607296860&fm=26&gp=0.jpg",金木研啊,
2009-12-24 00:00,,"http://img1.imgtn.bdimg.com/it/u=3325691916,3675790283&fm=26&gp=0.jpg",金木研#,
2016-07-29 00:00,,"http://img1.imgtn.bdimg.com/it/u=3626732602,1868204161&fm=26&gp=0.jpg",no.5 金木研 ——,
2015-01-24 18:40,,"http://img0.imgtn.bdimg.com/it/u=3253550217,2572292095&fm=26&gp=0.jpg",动漫 二次元 东京食尸鬼 金木研,
2014-05-16 21:52,,"http://img0.imgtn.bdimg.com/it/u=1825895197,1417913873&fm=26&gp=0.jpg",金木研 ,
2016-07-11 19:05,,"http://img1.imgtn.bdimg.com/it/u=1447684054,3969341137&fm=26&gp=0.jpg",金木研,
2014-10-11 00:00,,"http://img5.imgtn.bdimg.com/it/u=2454802364,4188717865&fm=26&gp=0.jpg",东京喰种 东京食尸鬼 tokyo ghoul  2015年日历 金木研 雾岛董香 壁,
2017-04-30 11:47,,"http://img2.imgtn.bdimg.com/it/u=2757693335,2275635535&fm=26&gp=0.jpg",东京食尸鬼 白发 金木研 转自pixiv 侵删 # 在不知何人描绘的这个世,
2010-01-14 00:00,,"http://img4.imgtn.bdimg.com/it/u=2181930727,3086568205&fm=26&gp=0.jpg",东京喰种 金木研 非原创,
2015-01-07 20:04,,"http://img4.imgtn.bdimg.com/it/u=1292477937,1258204639&fm=26&gp=0.jpg",金木研 ,
2014-03-02 23:09,,"http://img3.imgtn.bdimg.com/it/u=2344357147,2196124062&fm=26&gp=0.jpg",《东京食尸鬼》——金木研,
2009-12-24 00:00,,"http://img0.imgtn.bdimg.com/it/u=1337799510,1317363582&fm=26&gp=0.jpg",金木研 ,
2015-10-19 00:00,,"http://img3.imgtn.bdimg.com/it/u=733723050,3094122279&fm=26&gp=0.jpg",「金木研」/「-调调__」のイラスト [pixiv],
2016-01-28 17:16,,"http://img4.imgtn.bdimg.com/it/u=1684716822,2506849138&fm=26&gp=0.jpg",【yuki】简单的金木研手绘全过程 线稿教程,
2016-01-17 13:16,,"http://img1.imgtn.bdimg.com/it/u=3303508781,1823326344&fm=26&gp=0.jpg",东京喰种 东京食尸鬼 金木研 双研,
2014-11-29 00:00,,"http://img2.imgtn.bdimg.com/it/u=879297541,1841620687&fm=26&gp=0.jpg",大字;金木研 小字:这世上所有的不公平都是因为当事者能力不足导致,
2015-03-27 16:14,,"http://img5.imgtn.bdimg.com/it/u=3383447344,734050765&fm=26&gp=0.jpg",《东京食尸鬼》金木研,
2014-10-30 17:55,,"http://img0.imgtn.bdimg.com/it/u=11960454,643846938&fm=26&gp=0.jpg",这个世界是错误的扭曲的是你们金木研,
2015-06-29 19:45,,"http://img4.imgtn.bdimg.com/it/u=3440799597,1616410079&fm=26&gp=0.jpg",金木研 ,
2015-01-10 19:46,,"http://img2.imgtn.bdimg.com/it/u=1530478086,1084504544&fm=26&gp=0.jpg",东京喰种 东京食尸鬼 金木研,
2016-07-14 00:00,,"http://img5.imgtn.bdimg.com/it/u=1336024411,3586977236&fm=26&gp=0.jpg",东京喰种 金木研 高清 壁纸,
2013-01-24 12:28,,"http://img0.imgtn.bdimg.com/it/u=3089513048,4061541380&fm=26&gp=0.jpg",东京食尸鬼 动漫截图 金木研,
2010-10-20 00:00,,"http://img4.imgtn.bdimg.com/it/u=1295956287,2138177347&fm=26&gp=0.jpg","金木研,东京喰种,有同我一样爱的吗?",
2018-05-23 00:00,,"http://img0.imgtn.bdimg.com/it/u=2374363757,2489620481&fm=26&gp=0.jpg",东京食尸鬼 金木研 动漫 情头 基头 男头 p站画师 美少年 插画 唯美,
2017-07-03 13:22,,"http://img3.imgtn.bdimg.com/it/u=2881045230,4031203249&fm=26&gp=0.jpg","花江夏树在《东京食尸鬼》中饰演主角""金木研""",
2014-06-14 00:00,,"http://img3.imgtn.bdimg.com/it/u=3681727256,2330292767&fm=26&gp=0.jpg",金木研 ,
2018-05-23 01:22,,"http://img3.imgtn.bdimg.com/it/u=2484708646,3852823947&fm=26&gp=0.jpg",白发金木研,
2009-12-24 00:00,,"http://img5.imgtn.bdimg.com/it/u=2048966520,230315747&fm=26&gp=0.jpg","这部动漫主角满血复活,金木研变成永恒赫者,样貌比董香还美",
2018-12-19 00:00,,"http://img1.imgtn.bdimg.com/it/u=3345932343,2046392438&fm=26&gp=0.jpg",金木研 ,
2018-11-15 00:11,,"http://img3.imgtn.bdimg.com/it/u=3540488900,878336027&fm=26&gp=0.jpg",金木研 ,
2014-11-11 13:01,,"http://img5.imgtn.bdimg.com/it/u=1090035993,2964936980&fm=26&gp=0.jpg",金木研 ,
2016-12-01 00:26,,"http://img1.imgtn.bdimg.com/it/u=1922920724,779559953&fm=26&gp=0.jpg",【金木研】_动漫图片吧_百度贴吧,
2014-01-01 07:00,,"http://img0.imgtn.bdimg.com/it/u=1211673500,2667328864&fm=26&gp=0.jpg",想留个金木研黑化后的发型(如图)这是什么发型?,
2015-02-24 20:16,,"http://img3.imgtn.bdimg.com/it/u=710754496,1030146905&fm=26&gp=0.jpg",查看源网页,
2018-03-10 22:59,,"http://img4.imgtn.bdimg.com/it/u=3995375175,1584255689&fm=26&gp=0.jpg","聊天表情,图片,金木研",
2016-06-18 15:28,,"http://img3.imgtn.bdimg.com/it/u=3142718836,1508169585&fm=26&gp=0.jpg",东京喰种#金木研 小天使 董香 cp 夫妇 情侣装,
2010-01-18 00:00,,"http://img2.imgtn.bdimg.com/it/u=2703666299,1592846101&fm=26&gp=0.jpg",东京食尸鬼 动漫截图 金木研 -----轮到我了,
2014-08-15 12:08,,"http://img0.imgtn.bdimg.com/it/u=3968741446,1199448708&fm=26&gp=0.jpg",金木研_360百科,
2014-07-28 10:26,,"http://img4.imgtn.bdimg.com/it/u=2492912341,3188139829&fm=26&gp=0.jpg",查看源网页,
2017-07-08 17:00,,"http://img1.imgtn.bdimg.com/it/u=1218604740,977300719&fm=26&gp=0.jpg",金木研 ,
2016-01-24 15:06,,"http://img2.imgtn.bdimg.com/it/u=1062753841,590592367&fm=26&gp=0.jpg",东京食尸鬼 金木研 黑发 萌,
2015-07-27 00:00,,"http://img2.imgtn.bdimg.com/it/u=2437970617,3375948623&fm=26&gp=0.jpg",东京食尸鬼 东京喰种 金木研 p站画师 二次元手绘 同人 动漫 壁纸 1月,
2014-09-23 20:16,,"http://img5.imgtn.bdimg.com/it/u=2921128965,1733711598&fm=26&gp=0.jpg",东京喰种 东京食尸鬼 金木研,
2015-04-19 17:42,,"http://img5.imgtn.bdimg.com/it/u=1558812155,1751507166&fm=26&gp=0.jpg",东京食尸鬼 东京食尸鬼 金木研 二次元 动漫 壁纸 东京喰种 图片,
2013-04-15 20:02,,"http://img1.imgtn.bdimg.com/it/u=651641014,4035987967&fm=26&gp=0.jpg",金木研——《东京喰种》,
2015-01-10 23:39,,"http://img5.imgtn.bdimg.com/it/u=4062403526,1369917439&fm=26&gp=0.jpg",金木研,
2012-12-26 13:47,,"http://img4.imgtn.bdimg.com/it/u=3924062796,3943720694&fm=26&gp=0.jpg",东京喰种 东京食尸鬼 tokyo ghoul 金木研 pixiv id=3728272  画师,
2014-01-01 07:00,,"http://img3.imgtn.bdimg.com/it/u=3485018351,1750267976&fm=26&gp=0.jpg",二次元金木研壁纸 头像,
2016-05-27 20:44,,"http://img1.imgtn.bdimg.com/it/u=1019324469,35098444&fm=26&gp=0.jpg",一组金木帅哭的头像 东京食尸鬼 东京喰种 金木研,
2009-12-21 00:00,,"http://img1.imgtn.bdimg.com/it/u=633952575,874510774&fm=26&gp=0.jpg",金木研,
2015-02-15 13:39,,"http://img0.imgtn.bdimg.com/it/u=2926178827,3875526081&fm=26&gp=0.jpg",东京喰种#月山习#美食家#金木研#白金木,
2015-01-10 10:47,,"http://img5.imgtn.bdimg.com/it/u=436806877,3936919520&fm=26&gp=0.jpg",东京食尸鬼第二季 白毛金木研,
2014-09-21 00:00,,"http://img2.imgtn.bdimg.com/it/u=1894347157,2644572893&fm=26&gp=0.jpg",金木研,
2015-10-28 00:00,,"http://img2.imgtn.bdimg.com/it/u=926167196,613508496&fm=26&gp=0.jpg",【东京食尸鬼 帅哥 金木研】,
2010-01-14 00:00,,"http://img2.imgtn.bdimg.com/it/u=1847213217,85305761&fm=26&gp=0.jpg",东京喰种 东京食尸鬼 金木研 二次元 动漫 壁纸 东京喰种 图片,
2009-12-24 00:00,,"http://img3.imgtn.bdimg.com/it/u=1828915517,3112085738&fm=26&gp=0.jpg",东京喰种 二次元 壁纸 金木研,
2014-09-06 13:46,,"http://img1.imgtn.bdimg.com/it/u=1745822560,2109762645&fm=26&gp=0.jpg",东京喰种 金木研 佐佐木绯世 q版 萌萌哒 插画 壁纸 背景 女头 女生,
2011-01-20 00:00,,"http://img0.imgtn.bdimg.com/it/u=2789569119,3630345391&fm=26&gp=0.jpg",可怜的小天使金木!medicos 东京喰种 金木研 半赫者ver.～返血!,
